{
  "data_loading_single": {
    "mean": 0.08208942509991175,
    "median": 0.08064485400063859,
    "p95": 0.09058670014983361,
    "p99": 0.09581924003006861,
    "stddev": 0.005422663622834165,
    "min": 0.0784162079980888,
    "max": 0.09712737500012736
  },
  "data_loading_multi": {
    "mean": 0.044129925099332466,
    "median": 0.04360910450122901,
    "p95": 0.04633612949855888,
    "p99": 0.046442959498708664,
    "stddev": 0.0013261430447633028,
    "min": 0.042447749998245854,
    "max": 0.046469666998746106
  },
  "feature_engineering": {
    "mean": 0.008948516733653378,
    "median": 0.008826334000332281,
    "p95": 0.009702112402374041,
    "p99": 0.009958288881243789,
    "stddev": 0.0003576781631653755,
    "min": 0.00871375000133412,
    "max": 0.010022333000961225
  },
  "training_step": {
    "mean": 0.0029297777994846306,
    "median": 0.002921833000073093,
    "p95": 0.0032069083003079864,
    "p99": 0.0033160751388641076,
    "stddev": 0.00016204121492762854,
    "min": 0.002545249997638166,
    "max": 0.0033279169983870815
  },
  "inference": {
    "mean": 0.0007099806000042009,
    "median": 0.0006924794997757999,
    "p95": 0.000783602449700993,
    "p99": 0.0008018093600549037,
    "stddev": 3.633653575682701e-05,
    "min": 0.0006746250001015142,
    "max": 0.0008078749997366685
  },
  "checkpoint_save": {
    "mean": 0.0012116477502786438,
    "median": 0.0010790204996737884,
    "p95": 0.002035785749103525,
    "p99": 0.0021325907507707595,
    "stddev": 0.0003250304890130529,
    "min": 0.001042125000822125,
    "max": 0.0021567920011875685,
    "throughput_mbps": 1249.4,
    "checkpoint_size_mb": 1.51
  },
  "checkpoint_load": {
    "mean": 0.001678252200326824,
    "median": 0.0016672710007696878,
    "p95": 0.0017745892491802806,
    "p99": 0.0017784842511900933,
    "stddev": 4.465249036877141e-05,
    "min": 0.0016148329996212851,
    "max": 0.0017794580016925465,
    "throughput_mbps": 899.75
  },
  "environment": {
    "torch_version": "2.12.0",
    "cpu_model": "Apple M4",
    "ram_gb": 17.2,
    "gpu_model": "MPS (Apple Silicon)",
    "python_version": "3.11.15",
    "platform": "macOS-27.0-arm64-arm-64bit"
  },
  "ci_gates": {
    "training_step_regression_pct": 5.0,
    "inference_regression_pct": 5.0,
    "checkpoint_throughput_regression_pct": 10.0
  }
}